ID Partido,Fecha UTC,Liga ID,Local,Visitante,% HT Over 0.5 Local,% HT Over 0.5 Visitante,% HT Over 0.5 Local (LSTM),% HT Over 0.5 Visitante (LSTM),Confianza Combinada,Stats Local,Stats Visitante
mt_732066402,2026-10-09T23:30:00.000Z,comp_586859,Lexington SC,FC Tulsa,98.48,92.45,100,100,95.47,[μ=0.90|σ=1.30|m=1.00],[μ=0.73|σ=0.75|m=0.50]
mt_207077731,2026-10-09T23:00:00.000Z,comp_8998,Deportivo Maldonado,Liverpool UY,94.04,90.62,100,100,92.33,[μ=0.91|σ=0.67|m=-0.50],[μ=0.70|σ=0.64|m=-0.50]
mt_378767641,2026-10-09T22:30:00.000Z,comp_4540,Instituto De Córdoba,Boca Juniors,81.32,88.32,100,100,84.82,[μ=0.44|σ=0.50|m=0.50],[μ=0.50|σ=0.76|m=0.00]
mt_981878796,2026-10-09T21:00:00.000Z,comp_4540,Gimnasia y Esgrima,Atlético Tucumán,91.88,79.35,100,100,85.62,[μ=0.75|σ=0.66|m=0.50],[μ=0.40|σ=0.49|m=0.00]
mt_988928889,2026-10-09T19:15:00.000Z,comp_8385,Sporting Braga,Sporting,92.93,98.54,100,100,95.74,[μ=0.89|σ=0.57|m=0.00],[μ=0.75|σ=1.39|m=0.00]
mt_981760491,2026-10-09T19:00:00.000Z,comp_584196,UD Ibiza,Real Madrid Castilla,93.98,97.55,100,100,95.77,[μ=0.70|σ=0.90|m=0.00],[μ=0.82|σ=1.19|m=0.50]
mt_988347046,2026-10-09T18:45:00.000Z,comp_8531,SK Beveren,Lommel SK,98.19,88.35,100,100,93.27,[μ=1.00|σ=1.15|m=0.00],[μ=0.56|σ=0.68|m=-1.00]
mt_377265732,2026-10-09T18:45:00.000Z,comp_0256,RC Lens,Olympique Lyonnais,98.41,92.53,100,100,95.47,[μ=1.10|σ=1.14|m=0.50],[μ=0.67|σ=0.82|m=-1.00]
mt_465198267,2026-10-09T18:45:00.000Z,comp_5812,University College Dublin,Longford Town,94.25,91.13,100,100,92.69,[μ=0.90|σ=0.70|m=0.50],[μ=0.60|σ=0.80|m=0.50]
mt_517364918,2026-10-09T18:45:00.000Z,comp_5812,Cobh Ramblers FC,Kerry FC,88.92,83.28,100,100,86.1,[μ=0.60|σ=0.66|m=0.50],[μ=0.50|σ=0.50|m=-0.50]
mt_986402386,2026-10-09T18:45:00.000Z,comp_5812,Bray Wanderers,Wexford FC,97.33,79.35,100,100,88.34,[μ=1.00|σ=1.00|m=1.00],[μ=0.40|σ=0.49|m=0.00]
mt_200133708,2026-10-09T18:15:00.000Z,comp_6258,Étoile Carouge FC,Yverdon-Sport FC,86.61,99.07,100,100,92.84,[μ=0.50|σ=0.67|m=-1.00],[μ=1.33|σ=1.15|m=0.50]
mt_899722099,2026-10-09T18:15:00.000Z,comp_6258,Stade Nyonnais,FC Aarau,88.35,90.62,100,100,89.48,[μ=0.56|σ=0.68|m=1.00],[μ=0.70|σ=0.64|m=-0.50]
mt_514743714,2026-10-09T18:00:00.000Z,comp_1917,Libertad,Leones del Norte,91.88,90.62,100,100,91.25,[μ=0.80|σ=0.60|m=0.00],[μ=0.70|σ=0.64|m=-1.00]
mt_895924689,2026-10-09T18:00:00.000Z,comp_45025,Al-Nassr,Al-Diraiyah Club,97.66,93.9,100,100,95.78,[μ=1.20|σ=0.87|m=-0.50],[μ=1.00|σ=0.50|m=0.00]
mt_733031466,2026-10-09T18:00:00.000Z,comp_2977,FC Volendam,Vitesse,98.19,97.53,100,100,97.86,[μ=1.00|σ=1.15|m=0.00],[μ=1.10|σ=0.94|m=-0.50]
mt_644548203,2026-10-09T18:00:00.000Z,comp_2977,Roda JC Kerkrade,Jong PSV Eindhoven,90.62,95.39,100,100,93.01,[μ=0.70|σ=0.64|m=-0.50],[μ=0.90|σ=0.83|m=1.50]
mt_511316897,2026-10-09T18:00:00.000Z,comp_2977,Jong AZ Alkmaar,FC Den Bosch,93.5,79.35,100,100,86.42,[μ=0.80|σ=0.75|m=-0.50],[μ=0.40|σ=0.49|m=0.50]
mt_155754978,2026-10-09T18:00:00.000Z,comp_2977,FC Dordrecht,FC Emmen,94.79,95.47,100,100,95.13,[μ=0.80|σ=0.87|m=-1.00],[μ=0.67|σ=1.05|m=0.50]
mt_377263864,2026-10-09T18:00:00.000Z,comp_3809,PSV Eindhoven,SC Heerenveen,97.53,93.5,100,100,95.51,[μ=1.10|σ=0.94|m=0.00],[μ=0.80|σ=0.75|m=-0.50]
mt_466299875,2026-10-09T17:30:00.000Z,comp_6258,SC Kriens,FC Wil 1900,93.68,94.94,100,100,94.31,[μ=0.75|σ=0.83|m=0.00],[μ=0.73|σ=0.96|m=1.00]
mt_988300283,2026-10-09T17:30:00.000Z,comp_6258,Neuchâtel Xamax,FC Winterthur,97.67,97.08,100,100,97.38,[μ=1.00|σ=1.05|m=-0.50],[μ=1.20|σ=0.75|m=0.00]
mt_377455176,2026-10-09T17:30:00.000Z,comp_6258,FC Rapperswil-Jona,FC Stade-Lausanne-Ouchy,97.86,99.04,100,100,98.45,[μ=1.11|σ=0.99|m=1.00],[μ=1.20|σ=1.25|m=-1.00]
mt_467782261,2026-10-09T17:00:00.000Z,comp_2837,Preußen Münster,Rot-Weiss Essen,88.28,97.86,100,100,93.07,[μ=0.70|σ=0.46|m=0.50],[μ=1.11|σ=0.99|m=0.00]
mt_512192475,2026-10-09T17:00:00.000Z,comp_45551,Al-Sadd,Al-Arabi SC,98.34,96.66,100,100,97.5,[μ=1.38|σ=0.86|m=-0.50],[μ=1.00|σ=0.89|m=0.50]
mt_206390005,2026-10-09T17:00:00.000Z,comp_9235,Galatasaray,Kasımpaşa,81.32,88.92,100,100,85.12,[μ=0.44|σ=0.50|m=0.00],[μ=0.60|σ=0.66|m=0.00]
mt_899692267,2026-10-09T17:00:00.000Z,comp_3169,AB,Aarhus Fremad,96.1,98.97,100,100,97.53,[μ=0.88|σ=0.93|m=0.00],[μ=1.08|σ=1.32|m=0.00]
mt_988246639,2026-10-09T17:00:00.000Z,comp_7938,FC Nordsjælland,Odense Boldklub,98.05,94.88,100,100,96.47,[μ=1.00|σ=1.12|m=0.00],[μ=0.92|σ=0.76|m=0.50]
mt_894652290,2026-10-09T17:00:00.000Z,comp_1992,SK Brann,Viking FK,90.62,95.29,100,100,92.96,[μ=0.70|σ=0.64|m=0.50],[μ=0.83|σ=0.90|m=0.50]
mt_644628510,2026-10-09T16:30:00.000Z,comp_0406,1. FC Heidenheim,1. FC Kaiserslautern,97.4,89.9,100,100,93.65,[μ=0.89|σ=1.10|m=1.00],[μ=0.45|σ=0.89|m=1.50]
mt_200302822,2026-10-09T16:15:00.000Z,comp_615100,Herd,Spjelkavik,83.28,95.07,100,100,89.18,[μ=0.50|σ=0.50|m=0.50],[μ=1.00|σ=0.67|m=1.00]
mt_206589806,2026-10-09T16:00:00.000Z,comp_2593,Karmiotissa Polemidion,Omonia Nicosia,83.2,95.71,100,100,89.45,[μ=0.50|σ=0.50|m=-0.50],[μ=0.89|σ=0.87|m=0.00]
mt_988923186,2026-10-09T16:00:00.000Z,comp_9766,FC Zlín,SK Slavia Praha,95.83,99.73,100,100,97.78,[μ=0.80|σ=0.98|m=-0.50],[μ=1.70|σ=1.35|m=0.00]
mt_466471519,2026-10-09T16:00:00.000Z,comp_4072,FC Silon Táborsko,MFK Karviná,92.53,97.92,100,100,95.23,[μ=0.67|σ=0.82|m=1.00],[μ=1.27|σ=0.86|m=0.50]
mt_899790275,2026-10-09T16:00:00.000Z,comp_4072,Vysočina Jihlava,1. SK Prostějov,96.66,94.79,100,100,95.73,[μ=0.89|σ=0.99|m=-0.50],[μ=0.80|σ=0.87|m=-0.50]
mt_511444146,2026-10-09T16:00:00.000Z,comp_1941,HNK Gorica,NK Rudeš,92.49,90.62,100,100,91.55,[μ=0.70|σ=0.78|m=0.50],[μ=0.70|σ=0.64|m=0.00]
mt_155883196,2026-10-09T15:00:00.000Z,comp_9639,FC Corvinul Hunedoara,FC Voluntari,93.5,85.45,100,100,89.47,[μ=0.80|σ=0.75|m=-0.50],[μ=0.44|σ=0.68|m=0.00]
mt_024254317,2026-10-09T14:45:00.000Z,comp_45551,Qatar SC,Al-Rayyan,94.8,97.47,100,100,96.14,[μ=0.88|σ=0.78|m=-1.00],[μ=1.33|σ=0.67|m=0.00]
